Number_of_stories_fallen,Average_number_of_injuries_per_cat,Number_of_cats
2,0.737981724,8
3,0.99026619,14
4,1.844457688,27
5,1.946762018,34
6,2.264600715,21
7 to 8,2.337107668,9
9 to 32,1.105482718,13
